{"stats":{"minecraft:used":{"minecraft:enchanting_table":1,"gobber2:gobber2_goo":1,"minecraft:iron_shovel":1457,"minecraft:flint_and_steel":29,"minecraft:spruce_slab":1,"born_in_chaos_v1:intoxicating_decoction":1,"minecraft:chest":15,"gobber2:gobber2_gooey_bread":1,"minecraft:shield":116,"cataclysm:ender_golem_spawn_egg":1,"minecraft:iron_sword":200,"simplyswords:diamond_twinblade":167,"minecraft:orange_bed":9,"minecraft:torch":6,"minecraft:netherrack":43,"minecraft:dirt":26,"minecraft:anvil":1,"gobber2:gobber2_glass_nether":2,"minecraft:obsidian":10,"minecraft:wooden_axe":8,"minecraft:lava_bucket":3,"minecraft:bookshelf":15,"minecraft:iron_axe":217,"minecraft:iron_helmet":1,"gobber2:gobber2_gooey_beef":2,"minecraft:diamond_chestplate":1,"minecraft:bow":14,"minecraft:beef":4,"cataclysm:nameless_sorcerer_spawn_egg":1,"minecraft:hay_block":1,"minecraft:oak_sapling":12,"minecraft:furnace":4,"minecraft:water_bucket":49,"minecraft:stone_pickaxe":332,"minecraft:oak_planks":13,"minecraft:wooden_pickaxe":20,"born_in_chaos_v1:stimulating_decoction":1,"minecraft:golden_apple":5,"minecraft:tnt":27,"minecraft:crafting_table":7,"cataclysm:music_disc_the_harbinger":1,"minecraft:white_bed":1,"cataclysm:music_disc_the_leviathan":1,"waystones:waystone":10,"minecraft:diamond_pickaxe":554,"minecraft:iron_pickaxe":279,"minecraft:melon_slice":73,"minecraft:bread":122,"minecraft:gravel":27,"minecraft:stone_axe":146,"minecraft:golden_helmet":1,"minecraft:cobblestone":58,"travelersbackpack:standard":10,"minecraft:bucket":55,"minecraft:oak_boat":15,"minecraft:jukebox":1},"minecraft:broken":{"minecraft:iron_shovel":5,"minecraft:iron_pickaxe":1},"minecraft:picked_up":{"minecraft:crafting_table":5,"minecraft:wheat":35,"minecraft:flower_pot":10,"minecraft:lead":2,"minecraft:smithing_table":1,"minecraft:gold_block":2,"minecraft:potion":1,"minecraft:brewing_stand":1,"minecraft:golden_sword":1,"minecraft:string":10,"minecraft:iron_axe":1,"minecraft:white_carpet":9,"minecraft:item_frame":25,"born_in_chaos_v1:intoxicating_decoction":1,"gobber2:gobber2_glass_nether":2,"reliquary:chelicerae":1,"minecraft:blackstone":30,"minecraft:gold_nugget":135,"minecraft:bucket":1,"minecraft:spruce_planks":17,"minecraft:beef":18,"minecraft:oak_boat":15,"born_in_chaos_v1:gnawed_bones":1,"minecraft:calcite":1,"minecraft:light_gray_wool":1,"minecraft:spruce_slab":1,"minecraft:melon_slice":73,"minecraft:sugar_cane":27,"minecraft:birch_sapling":1,"minecraft:tipped_arrow":1,"minecraft:stick":7,"apotheosis:gem":37,"born_in_chaos_v1:shattered_skull":5,"minecraft:torch":5,"minecraft:spruce_fence":2,"born_in_chaos_v1:pileof_dark_metal":1,"minecraft:porkchop":8,"born_in_chaos_v1:pieceofdarkmetal":7,"minecraft:tnt":31,"minecraft:orange_bed":9,"gobber2:gobber2_globette_nether":25,"minecraft:arrow":2,"minecraft:cactus":3,"minecraft:rotten_flesh":12,"minecraft:jungle_stairs":1,"gobber2:gobber2_gooey_beef_nether":6,"minecraft:hay_block":51,"minecraft:carved_pumpkin":1,"born_in_chaos_v1:spiny_shell":19,"born_in_chaos_v1:trident_hayfork":1,"minecraft:obsidian":7,"minecraft:mutton":20,"minecraft:iron_bars":5,"minecraft:skeleton_skull":1,"minecraft:white_wool":12,"minecraft:cobblestone":110,"minecraft:birch_log":33,"minecraft:magma_block":8,"cataclysm:music_disc_the_harbinger":2,"gobber2:gobber2_gooey_beefstew":2,"minecraft:leather":11,"minecraft:flint":4,"minecraft:ancient_debris":1,"minecraft:oak_log":72,"gobber2:gobber2_gooey_bread_nether":4,"minecraft:dirt":92,"minecraft:bone":19,"minecraft:wheat_seeds":159,"gobber2:gobber2_gooey_beef":2,"cataclysm:music_disc_the_leviathan":1,"cataclysm:void_core":2,"gobber2:gobber2_gooey_beefstew_nether":1,"minecraft:oak_planks":7,"gobber2:gobber2_gooey_bread":1,"minecraft:book":174,"gobber2:gobber2_rod_nether":5,"minecraft:stone_brick_slab":1,"born_in_chaos_v1:ethereal_spirit":1,"minecraft:quartz":17,"minecraft:poisonous_potato":1,"minecraft:gravel":63,"minecraft:sand":124,"minecraft:spruce_log":79,"minecraft:lily_of_the_valley":13,"minecraft:spider_eye":3,"travelersbackpack:standard":1,"born_in_chaos_v1:fire_dust":1,"minecraft:diamond":1,"born_in_chaos_v1:pile_of_skulls":1,"waystones:waystone":11,"minecraft:bread":1,"born_in_chaos_v1:rotten_fish":9,"minecraft:oak_sapling":12,"minecraft:light_gray_carpet":3,"minecraft:netherrack":1120,"gobber2:gobber2_goo":1,"minecraft:coal":7,"gobber2:gobber2_goo_nether":6,"minecraft:ender_pearl":1},"minecraft:dropped":{"minecraft:bread":1,"minecraft:diamond":1,"travelersbackpack:standard":1,"minecraft:flint":2,"cataclysm:music_disc_the_harbinger":1,"minecraft:mutton":2,"cataclysm:void_core":1,"minecraft:string":1,"minecraft:bone":5,"minecraft:stone_brick_slab":1,"minecraft:blackstone":30,"minecraft:rotten_flesh":9,"minecraft:oak_planks":3,"minecraft:lily_of_the_valley":2,"minecraft:flower_pot":1,"minecraft:calcite":1,"reliquary:glacial_staff":1,"minecraft:netherrack":494},"minecraft:killed":{"minecraft:cave_spider":2,"born_in_chaos_v1:mr_pumpkin":2,"minecraft:zombified_piglin":1,"born_in_chaos_v1:door_knight_not_despawn":1,"born_in_chaos_v1:zombie_clown_not_despawn":1,"born_in_chaos_v1:pumpkin_spirit":1,"minecraft:spider":5,"born_in_chaos_v1:thornshell_crab":6,"born_in_chaos_v1:skeleton_thrasher_not_despawn":3,"minecraft:zombie_horse":2,"born_in_chaos_v1:maggot":6,"minecraft:horse":6,"born_in_chaos_v1:firelight_not_despawn":1,"cataclysm:ender_golem":1,"cataclysm:nameless_sorcerer":1,"born_in_chaos_v1:felsteed":1,"minecraft:pig":3,"minecraft:rabbit":1,"minecraft:wandering_trader":1,"born_in_chaos_v1:decrepit_skeleton":2,"minecraft:sheep":13,"minecraft:trader_llama":2,"minecraft:pillager":1,"minecraft:zombie":9,"minecraft:donkey":2,"minecraft:stray":1,"minecraft:enderman":1,"minecraft:cow":8},"minecraft:mined":{"minecraft:nether_gold_ore":28,"minecraft:spruce_planks":18,"minecraft:brewing_stand":1,"minecraft:obsidian":7,"minecraft:grass_block":78,"minecraft:spruce_fence":2,"gobber2:gobber2_lucky_block":6,"minecraft:spruce_leaves":6,"born_in_chaos_v1:gnawed_bones":1,"minecraft:spawner":10,"born_in_chaos_v1:pile_of_skulls":1,"minecraft:hay_block":50,"minecraft:magma_block":10,"minecraft:carrots":1,"minecraft:fire":2,"minecraft:gold_block":2,"minecraft:bookshelf":59,"minecraft:potatoes":1,"minecraft:vine":2,"minecraft:iron_bars":10,"minecraft:packed_ice":2,"minecraft:stone":111,"minecraft:orange_bed":9,"minecraft:spruce_slab":1,"minecraft:smithing_table":1,"minecraft:light_gray_carpet":3,"minecraft:blackstone":19,"minecraft:potted_lily_of_the_valley":13,"minecraft:snow_block":3,"minecraft:basalt":14,"minecraft:stone_brick_slab":1,"minecraft:crafting_table":5,"minecraft:jungle_stairs":1,"minecraft:calcite":1,"minecraft:melon":16,"gobber2:gobber2_lucky_block_nether":24,"minecraft:white_stained_glass_pane":1,"minecraft:nether_quartz_ore":10,"minecraft:tall_grass":23,"minecraft:cobblestone":1,"minecraft:oak_planks":7,"minecraft:sugar_cane":11,"minecraft:wall_torch":5,"minecraft:skeleton_skull":1,"minecraft:cactus":2,"minecraft:birch_log":6,"minecraft:wheat":38,"minecraft:ice":1,"minecraft:white_carpet":9,"minecraft:spruce_log":3,"minecraft:birch_leaves":3,"minecraft:tnt":34,"minecraft:yellow_stained_glass_pane":1,"minecraft:grass":324,"minecraft:oak_log":72,"minecraft:coal_ore":7,"minecraft:gravel":31,"minecraft:sand":124,"minecraft:dirt":15,"minecraft:cobweb":4,"born_in_chaos_v1:infernal_evil_pumpkin_s":1,"minecraft:ancient_debris":1,"minecraft:netherrack":582,"minecraft:oak_leaves":10},"minecraft:custom":{"lootr:looted_stat":34,"minecraft:interact_with_anvil":6,"minecraft:mob_kills":85,"minecraft:interact_with_crafting_table":62,"minecraft:open_barrel":21,"minecraft:damage_dealt_resisted":1262,"minecraft:leave_game":21,"minecraft:time_since_death":235822,"minecraft:climb_one_cm":3711,"minecraft:damage_resisted":50,"minecraft:sprint_one_cm":1194966,"minecraft:walk_one_cm":647633,"minecraft:damage_blocked_by_shield":6210,"minecraft:drop":38,"minecraft:talked_to_villager":1,"minecraft:play_time":447089,"minecraft:deaths":2,"minecraft:sneak_time":1698,"minecraft:walk_under_water_one_cm":4270,"minecraft:boat_one_cm":390015,"minecraft:interact_with_brewingstand":1,"minecraft:jump":7140,"minecraft:walk_on_water_one_cm":22988,"minecraft:total_world_time":447089,"minecraft:interact_with_furnace":18,"minecraft:play_record":2,"minecraft:sleep_in_bed":19,"minecraft:time_since_rest":70454,"minecraft:waystone_activated":11,"minecraft:damage_absorbed":201,"minecraft:damage_taken":5744,"minecraft:damage_dealt":18000,"minecraft:swim_one_cm":28248,"minecraft:fly_one_cm":1775722,"minecraft:open_chest":352,"minecraft:crouch_one_cm":3529,"minecraft:fall_one_cm":190104},"minecraft:crafted":{"minecraft:oak_planks":288,"minecraft:furnace":4,"simplyswords:diamond_twinblade":1,"travelersbackpack:blank_upgrade":4,"minecraft:bookshelf":15,"minecraft:flint_and_steel":1,"minecraft:glass":61,"travelersbackpack:white_sleeping_bag":1,"minecraft:diamond_leggings":1,"minecraft:iron_boots":1,"improvableskills:skills_book":1,"minecraft:iron_axe":1,"minecraft:stone_pickaxe":1,"minecraft:diamond_boots":1,"minecraft:chest":16,"minecraft:golden_boots":1,"minecraft:wheat":450,"gobber2:gobber2_glob_nether":1,"minecraft:crafting_table":2,"minecraft:spruce_planks":60,"minecraft:enchanting_table":1,"travelersbackpack:backpack_tank":4,"minecraft:wooden_pickaxe":1,"travelersbackpack:standard":1,"minecraft:bucket":1,"minecraft:birch_planks":20,"minecraft:stone_axe":1,"minecraft:bread":161,"minecraft:air":0,"minecraft:oak_boat":1,"minecraft:white_wool":1,"minecraft:golden_apple":5,"minecraft:iron_chestplate":1,"minecraft:paper":27,"minecraft:diamond_pickaxe":1,"minecraft:shield":2,"minecraft:stick":28,"minecraft:iron_ingot":3,"minecraft:wooden_axe":1,"minecraft:iron_block":3,"minecraft:iron_shovel":6,"minecraft:gold_ingot":32,"minecraft:anvil":1,"minecraft:white_bed":1,"minecraft:torch":16,"minecraft:diamond_chestplate":1}},"DataVersion":3465}