{"stats":{"minecraft:crafted":{"minecraft:oak_boat":1,"minecraft:oak_planks":24,"minecraft:crafting_table":2,"minecraft:stick":8,"minecraft:wooden_pickaxe":1,"minecraft:stone_pickaxe":1,"minecraft:wooden_axe":1,"minecraft:stone_axe":1},"minecraft:dropped":{"minecraft:flower_pot":1,"minecraft:lily_of_the_valley":2},"minecraft:used":{"minecraft:wooden_axe":8,"minecraft:oak_planks":5,"minecraft:melon_slice":11,"minecraft:stone_pickaxe":16,"minecraft:wooden_pickaxe":20,"minecraft:stone_axe":56,"minecraft:torch":2,"minecraft:orange_bed":1,"minecraft:beef":4,"minecraft:crafting_table":4,"minecraft:oak_boat":1},"minecraft:picked_up":{"minecraft:book":42,"minecraft:crafting_table":3,"apotheosis:gem":4,"minecraft:flower_pot":1,"minecraft:leather":3,"minecraft:torch":3,"minecraft:porkchop":8,"minecraft:oak_log":6,"minecraft:lily_of_the_valley":2,"minecraft:tnt":6,"minecraft:orange_bed":1,"minecraft:cactus":3,"minecraft:wheat_seeds":4,"minecraft:hay_block":13,"minecraft:beef":6,"minecraft:oak_boat":1,"minecraft:melon_slice":73,"minecraft:sugar_cane":8,"minecraft:oak_planks":7,"minecraft:cobblestone":19},"minecraft:killed":{"minecraft:pig":3,"minecraft:cow":3},"minecraft:custom":{"minecraft:time_since_rest":3419,"lootr:looted_stat":2,"minecraft:sprint_one_cm":67031,"minecraft:damage_taken":60,"minecraft:walk_one_cm":35498,"minecraft:mob_kills":6,"minecraft:drop":3,"minecraft:damage_dealt":600,"minecraft:swim_one_cm":8051,"minecraft:interact_with_crafting_table":5,"minecraft:fly_one_cm":105381,"minecraft:open_chest":4,"minecraft:play_time":30560,"minecraft:walk_under_water_one_cm":156,"minecraft:boat_one_cm":66330,"minecraft:jump":502,"minecraft:leave_game":5,"minecraft:time_since_death":30560,"minecraft:walk_on_water_one_cm":2616,"minecraft:sleep_in_bed":2,"minecraft:total_world_time":30560,"minecraft:fall_one_cm":16473},"minecraft:mined":{"minecraft:hay_block":13,"minecraft:cactus":2,"minecraft:wheat":1,"minecraft:potted_lily_of_the_valley":2,"minecraft:tnt":6,"minecraft:crafting_table":3,"minecraft:grass":9,"minecraft:bookshelf":14,"minecraft:oak_log":6,"minecraft:melon":16,"minecraft:stone":19,"minecraft:sugar_cane":4,"minecraft:oak_planks":7,"minecraft:wall_torch":3,"minecraft:orange_bed":1}},"DataVersion":3465}