{"stats":{"minecraft:killed":{"minecraft:pig":3,"minecraft:cow":3},"minecraft:picked_up":{"minecraft:crafting_table":2,"minecraft:leather":3,"minecraft:torch":3,"minecraft:porkchop":8,"minecraft:oak_log":6,"minecraft:orange_bed":1,"minecraft:wheat_seeds":4,"minecraft:hay_block":13,"minecraft:beef":6,"minecraft:melon_slice":31,"minecraft:oak_planks":5,"minecraft:cobblestone":19},"minecraft:mined":{"minecraft:hay_block":13,"minecraft:wheat":1,"minecraft:crafting_table":2,"minecraft:grass":9,"minecraft:oak_log":6,"minecraft:melon":7,"minecraft:stone":19,"minecraft:oak_planks":5,"minecraft:wall_torch":3,"minecraft:orange_bed":1},"minecraft:crafted":{"minecraft:oak_planks":24,"minecraft:crafting_table":1,"minecraft:stick":8,"minecraft:wooden_pickaxe":1,"minecraft:stone_pickaxe":1,"minecraft:wooden_axe":1,"minecraft:stone_axe":1},"minecraft:used":{"minecraft:wooden_axe":7,"minecraft:melon_slice":1,"minecraft:stone_pickaxe":16,"minecraft:oak_planks":5,"minecraft:wooden_pickaxe":20,"minecraft:stone_axe":22,"minecraft:beef":4,"minecraft:crafting_table":3},"minecraft:custom":{"minecraft:time_since_rest":12966,"minecraft:sprint_one_cm":28515,"minecraft:damage_taken":40,"minecraft:walk_one_cm":19185,"minecraft:mob_kills":6,"minecraft:damage_dealt":600,"minecraft:swim_one_cm":2384,"minecraft:interact_with_crafting_table":3,"minecraft:fly_one_cm":35577,"minecraft:open_chest":4,"minecraft:play_time":12966,"minecraft:walk_under_water_one_cm":51,"minecraft:jump":223,"minecraft:leave_game":2,"minecraft:walk_on_water_one_cm":798,"minecraft:time_since_death":12966,"minecraft:total_world_time":12966,"minecraft:fall_one_cm":6641}},"DataVersion":3465}