{"stats":{"minecraft:crafted":{"minecraft:oak_planks":24,"minecraft:crafting_table":2,"minecraft:wooden_pickaxe":1,"minecraft:bucket":1,"minecraft:stone_axe":1,"minecraft:oak_boat":1,"minecraft:stick":8,"minecraft:stone_pickaxe":1,"minecraft:wooden_axe":1},"minecraft:custom":{"lootr:looted_stat":5,"minecraft:mob_kills":16,"minecraft:interact_with_crafting_table":8,"minecraft:leave_game":7,"minecraft:time_since_death":67482,"minecraft:sleep_in_bed":4,"minecraft:climb_one_cm":3111,"minecraft:time_since_rest":3982,"minecraft:sprint_one_cm":126394,"minecraft:damage_taken":180,"minecraft:walk_one_cm":69875,"minecraft:damage_blocked_by_shield":195,"minecraft:drop":5,"minecraft:damage_dealt":1936,"minecraft:swim_one_cm":11062,"minecraft:fly_one_cm":233325,"minecraft:open_chest":4,"minecraft:play_time":67482,"minecraft:sneak_time":3,"minecraft:walk_under_water_one_cm":698,"minecraft:boat_one_cm":268065,"minecraft:jump":1124,"minecraft:walk_on_water_one_cm":4652,"minecraft:total_world_time":67482,"minecraft:fall_one_cm":32800},"minecraft:picked_up":{"minecraft:crafting_table":3,"minecraft:wheat":35,"minecraft:flower_pot":1,"minecraft:leather":5,"minecraft:oak_log":6,"minecraft:item_frame":4,"minecraft:wheat_seeds":106,"minecraft:beef":14,"minecraft:oak_boat":4,"minecraft:calcite":1,"minecraft:light_gray_wool":1,"minecraft:melon_slice":73,"minecraft:sugar_cane":8,"minecraft:oak_planks":7,"minecraft:book":48,"minecraft:stick":3,"apotheosis:gem":12,"minecraft:torch":3,"born_in_chaos_v1:ethereal_spirit":1,"minecraft:spruce_fence":1,"minecraft:porkchop":8,"minecraft:lily_of_the_valley":2,"minecraft:orange_bed":5,"minecraft:tnt":6,"minecraft:cactus":3,"minecraft:hay_block":14,"minecraft:carved_pumpkin":1,"minecraft:mutton":11,"minecraft:white_wool":5,"minecraft:cobblestone":31},"minecraft:dropped":{"minecraft:oak_planks":3,"minecraft:lily_of_the_valley":2,"minecraft:flower_pot":1,"minecraft:calcite":1},"minecraft:mined":{"minecraft:spruce_planks":1,"minecraft:potted_lily_of_the_valley":2,"minecraft:crafting_table":3,"minecraft:spruce_fence":1,"minecraft:calcite":1,"minecraft:melon":16,"minecraft:sugar_cane":4,"minecraft:oak_planks":7,"minecraft:wall_torch":3,"minecraft:hay_block":13,"minecraft:cactus":2,"minecraft:wheat":38,"minecraft:tnt":9,"minecraft:grass":17,"minecraft:bookshelf":17,"minecraft:oak_log":6,"minecraft:vine":2,"minecraft:stone":31,"minecraft:orange_bed":5},"minecraft:used":{"minecraft:water_bucket":3,"minecraft:stone_pickaxe":31,"minecraft:oak_planks":5,"minecraft:wooden_pickaxe":20,"minecraft:shield":1,"minecraft:torch":3,"minecraft:orange_bed":4,"minecraft:crafting_table":4,"minecraft:wooden_axe":8,"minecraft:melon_slice":31,"minecraft:stone_axe":141,"minecraft:cobblestone":5,"minecraft:beef":4,"minecraft:bucket":4,"minecraft:oak_boat":5},"minecraft:killed":{"minecraft:pig":3,"born_in_chaos_v1:pumpkin_spirit":1,"minecraft:sheep":6,"minecraft:cow":6}},"DataVersion":3465}