{"stats":{"minecraft:crafted":{"minecraft:oak_planks":288,"minecraft:furnace":1,"simplyswords:diamond_twinblade":1,"minecraft:bookshelf":15,"minecraft:flint_and_steel":1,"minecraft:glass":12,"travelersbackpack:white_sleeping_bag":1,"minecraft:diamond_leggings":1,"minecraft:iron_boots":1,"minecraft:iron_axe":1,"minecraft:stone_pickaxe":1,"minecraft:chest":9,"minecraft:golden_boots":1,"minecraft:wheat":450,"gobber2:gobber2_glob_nether":1,"minecraft:crafting_table":2,"minecraft:enchanting_table":1,"travelersbackpack:backpack_tank":2,"minecraft:wooden_pickaxe":1,"travelersbackpack:standard":1,"minecraft:bucket":1,"minecraft:stone_axe":1,"minecraft:bread":161,"minecraft:air":0,"minecraft:oak_boat":1,"minecraft:iron_chestplate":1,"minecraft:diamond_pickaxe":1,"minecraft:shield":1,"minecraft:stick":24,"minecraft:wooden_axe":1,"minecraft:iron_block":3,"minecraft:iron_shovel":3,"minecraft:gold_ingot":9,"minecraft:anvil":1,"minecraft:torch":16,"minecraft:diamond_chestplate":1},"minecraft:mined":{"minecraft:nether_gold_ore":28,"minecraft:spruce_planks":16,"minecraft:brewing_stand":1,"minecraft:obsidian":7,"minecraft:grass_block":77,"minecraft:spruce_fence":2,"gobber2:gobber2_lucky_block":6,"minecraft:spruce_leaves":6,"born_in_chaos_v1:gnawed_bones":1,"born_in_chaos_v1:pile_of_skulls":1,"minecraft:spawner":4,"minecraft:hay_block":50,"minecraft:magma_block":10,"minecraft:carrots":1,"minecraft:fire":2,"minecraft:gold_block":2,"minecraft:bookshelf":52,"minecraft:potatoes":1,"minecraft:vine":2,"minecraft:iron_bars":8,"minecraft:stone":81,"minecraft:spruce_slab":1,"minecraft:orange_bed":9,"minecraft:smithing_table":1,"minecraft:light_gray_carpet":3,"minecraft:blackstone":19,"minecraft:snow_block":3,"minecraft:potted_lily_of_the_valley":11,"minecraft:basalt":14,"minecraft:stone_brick_slab":1,"minecraft:crafting_table":5,"minecraft:jungle_stairs":1,"minecraft:calcite":1,"minecraft:melon":16,"gobber2:gobber2_lucky_block_nether":24,"minecraft:white_stained_glass_pane":1,"minecraft:nether_quartz_ore":10,"minecraft:tall_grass":21,"minecraft:cobblestone":1,"minecraft:sugar_cane":11,"minecraft:oak_planks":7,"minecraft:wall_torch":5,"minecraft:skeleton_skull":1,"minecraft:cactus":2,"minecraft:wheat":38,"minecraft:ice":1,"minecraft:white_carpet":9,"minecraft:spruce_log":3,"minecraft:birch_leaves":3,"minecraft:tnt":30,"minecraft:yellow_stained_glass_pane":1,"minecraft:grass":309,"minecraft:oak_log":72,"minecraft:coal_ore":7,"minecraft:gravel":31,"minecraft:sand":42,"minecraft:dirt":15,"minecraft:cobweb":2,"minecraft:ancient_debris":1,"minecraft:netherrack":582,"minecraft:oak_leaves":10},"minecraft:dropped":{"minecraft:diamond":1,"minecraft:flint":2,"cataclysm:music_disc_the_harbinger":1,"cataclysm:void_core":1,"minecraft:stone_brick_slab":1,"minecraft:blackstone":30,"minecraft:rotten_flesh":3,"minecraft:oak_planks":3,"minecraft:lily_of_the_valley":2,"minecraft:flower_pot":1,"minecraft:calcite":1,"reliquary:glacial_staff":1,"minecraft:netherrack":494},"minecraft:used":{"minecraft:enchanting_table":1,"gobber2:gobber2_goo":1,"minecraft:iron_shovel":556,"minecraft:flint_and_steel":29,"minecraft:spruce_slab":1,"born_in_chaos_v1:intoxicating_decoction":1,"gobber2:gobber2_gooey_bread":1,"cataclysm:ender_golem_spawn_egg":1,"minecraft:chest":9,"minecraft:shield":48,"minecraft:iron_sword":200,"minecraft:netherrack":31,"minecraft:orange_bed":9,"minecraft:torch":3,"minecraft:dirt":25,"minecraft:anvil":1,"gobber2:gobber2_glass_nether":2,"minecraft:obsidian":10,"minecraft:wooden_axe":8,"minecraft:lava_bucket":1,"minecraft:bookshelf":15,"minecraft:iron_axe":189,"minecraft:iron_helmet":1,"minecraft:diamond_chestplate":1,"gobber2:gobber2_gooey_beef":2,"minecraft:beef":4,"cataclysm:nameless_sorcerer_spawn_egg":1,"minecraft:hay_block":1,"minecraft:oak_sapling":12,"minecraft:furnace":1,"minecraft:water_bucket":44,"minecraft:stone_pickaxe":332,"minecraft:oak_planks":13,"minecraft:wooden_pickaxe":20,"born_in_chaos_v1:stimulating_decoction":1,"minecraft:tnt":27,"minecraft:crafting_table":7,"cataclysm:music_disc_the_harbinger":1,"cataclysm:music_disc_the_leviathan":1,"waystones:waystone":8,"minecraft:diamond_pickaxe":543,"minecraft:bread":74,"minecraft:melon_slice":73,"minecraft:iron_pickaxe":250,"minecraft:gravel":27,"minecraft:golden_helmet":1,"minecraft:stone_axe":146,"minecraft:cobblestone":58,"travelersbackpack:standard":9,"minecraft:bucket":48,"minecraft:oak_boat":15,"minecraft:jukebox":1},"minecraft:custom":{"lootr:looted_stat":27,"minecraft:interact_with_anvil":5,"minecraft:mob_kills":46,"minecraft:interact_with_crafting_table":44,"minecraft:open_barrel":9,"minecraft:damage_dealt_resisted":546,"minecraft:leave_game":12,"minecraft:time_since_death":154087,"minecraft:climb_one_cm":3711,"minecraft:damage_resisted":50,"minecraft:sprint_one_cm":950322,"minecraft:walk_one_cm":436466,"minecraft:damage_blocked_by_shield":3495,"minecraft:drop":27,"minecraft:play_time":365354,"minecraft:deaths":2,"minecraft:sneak_time":1621,"minecraft:walk_under_water_one_cm":4191,"minecraft:boat_one_cm":390015,"minecraft:jump":5989,"minecraft:interact_with_brewingstand":1,"minecraft:walk_on_water_one_cm":22686,"minecraft:total_world_time":365354,"minecraft:interact_with_furnace":8,"minecraft:play_record":2,"minecraft:sleep_in_bed":18,"minecraft:time_since_rest":35600,"minecraft:waystone_activated":9,"minecraft:damage_taken":3102,"minecraft:damage_dealt":9139,"minecraft:swim_one_cm":26631,"minecraft:fly_one_cm":1483107,"minecraft:open_chest":254,"minecraft:crouch_one_cm":3397,"minecraft:fall_one_cm":160218},"minecraft:picked_up":{"minecraft:crafting_table":5,"minecraft:wheat":35,"minecraft:flower_pot":8,"minecraft:smithing_table":1,"minecraft:gold_block":2,"minecraft:potion":1,"minecraft:brewing_stand":1,"minecraft:golden_sword":1,"gobber2:gobber2_glass_nether":2,"minecraft:string":4,"minecraft:iron_axe":1,"minecraft:item_frame":21,"born_in_chaos_v1:intoxicating_decoction":1,"minecraft:white_carpet":9,"minecraft:blackstone":30,"minecraft:gold_nugget":135,"minecraft:bucket":1,"minecraft:spruce_planks":15,"minecraft:beef":14,"minecraft:oak_boat":15,"born_in_chaos_v1:gnawed_bones":1,"minecraft:calcite":1,"minecraft:spruce_slab":1,"minecraft:light_gray_wool":1,"minecraft:melon_slice":73,"minecraft:sugar_cane":27,"minecraft:stick":7,"apotheosis:gem":31,"born_in_chaos_v1:shattered_skull":2,"minecraft:torch":5,"minecraft:spruce_fence":2,"born_in_chaos_v1:pileof_dark_metal":1,"minecraft:porkchop":8,"born_in_chaos_v1:pieceofdarkmetal":3,"gobber2:gobber2_globette_nether":25,"minecraft:orange_bed":9,"minecraft:tnt":27,"minecraft:cactus":3,"minecraft:rotten_flesh":4,"minecraft:jungle_stairs":1,"gobber2:gobber2_gooey_beef_nether":6,"minecraft:hay_block":51,"minecraft:carved_pumpkin":1,"minecraft:cobblestone":80,"minecraft:mutton":15,"minecraft:obsidian":7,"minecraft:iron_bars":4,"minecraft:skeleton_skull":1,"minecraft:white_wool":8,"minecraft:magma_block":8,"cataclysm:music_disc_the_harbinger":2,"gobber2:gobber2_gooey_beefstew":2,"minecraft:leather":10,"minecraft:flint":4,"minecraft:ancient_debris":1,"minecraft:oak_log":72,"gobber2:gobber2_gooey_bread_nether":4,"minecraft:dirt":91,"minecraft:bone":8,"cataclysm:music_disc_the_leviathan":1,"gobber2:gobber2_gooey_beef":2,"minecraft:wheat_seeds":158,"cataclysm:void_core":2,"gobber2:gobber2_gooey_beefstew_nether":1,"minecraft:oak_planks":7,"gobber2:gobber2_gooey_bread":1,"minecraft:book":153,"gobber2:gobber2_rod_nether":5,"minecraft:stone_brick_slab":1,"minecraft:quartz":17,"born_in_chaos_v1:ethereal_spirit":1,"minecraft:gravel":63,"minecraft:poisonous_potato":1,"minecraft:sand":42,"minecraft:spruce_log":79,"minecraft:lily_of_the_valley":11,"minecraft:spider_eye":2,"minecraft:diamond":1,"born_in_chaos_v1:pile_of_skulls":1,"waystones:waystone":10,"gobber2:gobber2_goo_nether":6,"minecraft:netherrack":1120,"minecraft:oak_sapling":12,"minecraft:light_gray_carpet":3,"minecraft:coal":7,"gobber2:gobber2_goo":1,"minecraft:ender_pearl":1},"minecraft:broken":{"minecraft:iron_shovel":2,"minecraft:iron_pickaxe":1},"minecraft:killed":{"minecraft:zombified_piglin":1,"born_in_chaos_v1:door_knight_not_despawn":1,"born_in_chaos_v1:pumpkin_spirit":1,"born_in_chaos_v1:zombie_clown_not_despawn":1,"minecraft:spider":2,"born_in_chaos_v1:skeleton_thrasher_not_despawn":2,"minecraft:zombie_horse":2,"born_in_chaos_v1:maggot":2,"minecraft:horse":6,"cataclysm:ender_golem":1,"cataclysm:nameless_sorcerer":1,"minecraft:pig":3,"minecraft:rabbit":1,"minecraft:sheep":9,"minecraft:pillager":1,"minecraft:donkey":2,"minecraft:zombie":3,"minecraft:enderman":1,"minecraft:cow":6}},"DataVersion":3465}