{"stats":{"minecraft:picked_up":{"minecraft:oak_log":2},"minecraft:custom":{"minecraft:jump":25,"minecraft:time_since_rest":3237,"minecraft:sprint_one_cm":3145,"minecraft:leave_game":1,"minecraft:play_time":3237,"minecraft:walk_on_water_one_cm":798,"minecraft:time_since_death":3237,"minecraft:walk_one_cm":2874,"minecraft:total_world_time":3237,"minecraft:walk_under_water_one_cm":51,"minecraft:swim_one_cm":2384,"minecraft:fly_one_cm":2536},"minecraft:mined":{"minecraft:oak_log":2}},"DataVersion":3465}