{"stats":{"minecraft:crafted":{"minecraft:oak_planks":136,"minecraft:crafting_table":2,"travelersbackpack:backpack_tank":2,"travelersbackpack:standard":1,"minecraft:wooden_pickaxe":1,"minecraft:furnace":1,"minecraft:bucket":1,"minecraft:stone_axe":1,"minecraft:bread":41,"minecraft:air":0,"minecraft:oak_boat":1,"minecraft:glass":12,"travelersbackpack:white_sleeping_bag":1,"minecraft:iron_chestplate":1,"minecraft:iron_boots":1,"minecraft:diamond_pickaxe":1,"minecraft:iron_axe":1,"minecraft:stick":16,"minecraft:stone_pickaxe":1,"minecraft:wooden_axe":1,"minecraft:chest":9,"minecraft:iron_shovel":1,"minecraft:wheat":126},"minecraft:mined":{"minecraft:smithing_table":1,"minecraft:spruce_planks":14,"minecraft:potted_lily_of_the_valley":9,"minecraft:stone_brick_slab":1,"minecraft:obsidian":7,"minecraft:crafting_table":5,"minecraft:jungle_stairs":1,"minecraft:spruce_fence":2,"minecraft:calcite":1,"minecraft:grass_block":76,"minecraft:melon":16,"gobber2:gobber2_lucky_block":4,"minecraft:white_stained_glass_pane":1,"minecraft:tall_grass":19,"minecraft:cobblestone":1,"minecraft:oak_planks":7,"minecraft:sugar_cane":10,"minecraft:wall_torch":5,"minecraft:spawner":2,"minecraft:hay_block":44,"minecraft:cactus":2,"minecraft:carrots":1,"minecraft:fire":1,"minecraft:wheat":38,"minecraft:tnt":24,"minecraft:gold_block":1,"minecraft:yellow_stained_glass_pane":1,"minecraft:grass":308,"minecraft:bookshelf":45,"minecraft:potatoes":1,"minecraft:oak_log":34,"minecraft:coal_ore":6,"minecraft:vine":2,"minecraft:iron_bars":4,"minecraft:sand":42,"minecraft:dirt":15,"minecraft:cobweb":2,"minecraft:stone":81,"minecraft:oak_leaves":1,"minecraft:orange_bed":9,"minecraft:spruce_slab":1},"minecraft:dropped":{"minecraft:oak_planks":3,"minecraft:lily_of_the_valley":2,"minecraft:flower_pot":1,"minecraft:calcite":1,"reliquary:glacial_staff":1,"minecraft:stone_brick_slab":1},"minecraft:used":{"minecraft:water_bucket":28,"minecraft:iron_shovel":123,"minecraft:stone_pickaxe":332,"minecraft:spruce_slab":1,"minecraft:oak_planks":13,"minecraft:chest":8,"minecraft:wooden_pickaxe":20,"minecraft:shield":3,"minecraft:iron_sword":96,"minecraft:orange_bed":9,"minecraft:torch":3,"minecraft:dirt":18,"minecraft:crafting_table":7,"minecraft:iron_pickaxe":2,"minecraft:diamond_pickaxe":88,"waystones:waystone":5,"minecraft:wooden_axe":8,"minecraft:iron_axe":103,"minecraft:bread":23,"minecraft:melon_slice":54,"minecraft:stone_axe":146,"minecraft:cobblestone":51,"minecraft:beef":4,"travelersbackpack:standard":4,"minecraft:furnace":1,"minecraft:bucket":29,"minecraft:oak_boat":12},"minecraft:custom":{"minecraft:interact_with_furnace":8,"lootr:looted_stat":16,"minecraft:mob_kills":33,"minecraft:interact_with_crafting_table":28,"minecraft:open_barrel":1,"minecraft:damage_dealt_resisted":168,"minecraft:leave_game":8,"minecraft:time_since_death":177304,"minecraft:sleep_in_bed":11,"minecraft:climb_one_cm":3711,"minecraft:damage_resisted":6,"minecraft:waystone_activated":5,"minecraft:time_since_rest":24966,"minecraft:sprint_one_cm":461175,"minecraft:damage_taken":854,"minecraft:walk_one_cm":188699,"minecraft:damage_blocked_by_shield":240,"minecraft:drop":7,"minecraft:damage_dealt":5117,"minecraft:swim_one_cm":19616,"minecraft:play_time":177304,"minecraft:fly_one_cm":802212,"minecraft:open_chest":47,"minecraft:crouch_one_cm":2608,"minecraft:sneak_time":1069,"minecraft:walk_under_water_one_cm":2026,"minecraft:boat_one_cm":344475,"minecraft:jump":3606,"minecraft:walk_on_water_one_cm":16130,"minecraft:fall_one_cm":116750,"minecraft:total_world_time":177304},"minecraft:picked_up":{"minecraft:crafting_table":5,"minecraft:wheat":35,"minecraft:flower_pot":6,"gobber2:gobber2_gooey_beefstew":1,"minecraft:leather":10,"minecraft:smithing_table":1,"minecraft:gold_block":1,"minecraft:oak_log":34,"minecraft:string":4,"minecraft:dirt":90,"minecraft:item_frame":20,"gobber2:gobber2_gooey_beef":1,"minecraft:wheat_seeds":158,"minecraft:spruce_planks":13,"minecraft:beef":14,"minecraft:oak_boat":12,"minecraft:calcite":1,"minecraft:light_gray_wool":1,"minecraft:spruce_slab":1,"minecraft:melon_slice":73,"minecraft:sugar_cane":23,"minecraft:oak_planks":7,"gobber2:gobber2_gooey_bread":1,"minecraft:book":132,"minecraft:stick":4,"apotheosis:gem":30,"minecraft:stone_brick_slab":1,"minecraft:torch":5,"born_in_chaos_v1:ethereal_spirit":1,"minecraft:spruce_fence":2,"minecraft:porkchop":8,"minecraft:sand":42,"minecraft:lily_of_the_valley":9,"minecraft:spider_eye":2,"minecraft:tnt":21,"minecraft:orange_bed":9,"minecraft:cactus":3,"minecraft:jungle_stairs":1,"waystones:waystone":8,"minecraft:hay_block":45,"minecraft:carved_pumpkin":1,"minecraft:obsidian":7,"minecraft:mutton":15,"minecraft:iron_bars":4,"minecraft:coal":6,"gobber2:gobber2_goo":1,"minecraft:white_wool":8,"minecraft:cobblestone":80,"minecraft:ender_pearl":1},"minecraft:killed":{"minecraft:pig":3,"born_in_chaos_v1:pumpkin_spirit":1,"minecraft:spider":2,"minecraft:rabbit":1,"minecraft:horse":6,"minecraft:sheep":9,"minecraft:zombie":1,"minecraft:pillager":1,"minecraft:donkey":2,"minecraft:cow":6,"minecraft:enderman":1}},"DataVersion":3465}