{"stats":{"minecraft:crafted":{"minecraft:oak_planks":68,"minecraft:crafting_table":2,"travelersbackpack:backpack_tank":2,"minecraft:wooden_pickaxe":1,"travelersbackpack:standard":1,"minecraft:furnace":1,"minecraft:bucket":1,"minecraft:stone_axe":1,"minecraft:bread":41,"minecraft:air":0,"minecraft:glass":12,"minecraft:oak_boat":1,"travelersbackpack:white_sleeping_bag":1,"minecraft:diamond_pickaxe":1,"minecraft:iron_axe":1,"minecraft:stick":16,"minecraft:stone_pickaxe":1,"minecraft:wooden_axe":1,"minecraft:iron_shovel":1,"minecraft:chest":3,"minecraft:wheat":126},"minecraft:picked_up":{"minecraft:crafting_table":3,"minecraft:wheat":35,"minecraft:flower_pot":4,"gobber2:gobber2_gooey_beefstew":1,"minecraft:leather":10,"minecraft:smithing_table":1,"minecraft:oak_log":17,"minecraft:dirt":90,"minecraft:item_frame":12,"gobber2:gobber2_gooey_beef":1,"minecraft:wheat_seeds":157,"minecraft:spruce_planks":9,"minecraft:beef":14,"minecraft:oak_boat":10,"minecraft:calcite":1,"minecraft:spruce_slab":1,"minecraft:light_gray_wool":1,"minecraft:melon_slice":73,"minecraft:sugar_cane":14,"minecraft:oak_planks":7,"gobber2:gobber2_gooey_bread":1,"minecraft:book":90,"minecraft:stick":3,"apotheosis:gem":20,"minecraft:torch":3,"born_in_chaos_v1:ethereal_spirit":1,"minecraft:spruce_fence":1,"minecraft:porkchop":8,"minecraft:sand":42,"minecraft:lily_of_the_valley":5,"minecraft:orange_bed":9,"minecraft:tnt":13,"minecraft:cactus":3,"waystones:waystone":5,"minecraft:hay_block":45,"minecraft:carved_pumpkin":1,"minecraft:coal":6,"gobber2:gobber2_goo":1,"minecraft:iron_bars":2,"minecraft:obsidian":7,"minecraft:mutton":15,"minecraft:white_wool":8,"minecraft:cobblestone":54,"minecraft:ender_pearl":1},"minecraft:custom":{"minecraft:interact_with_furnace":8,"lootr:looted_stat":9,"minecraft:mob_kills":29,"minecraft:interact_with_crafting_table":23,"minecraft:leave_game":7,"minecraft:time_since_death":133482,"minecraft:sleep_in_bed":9,"minecraft:climb_one_cm":3111,"minecraft:time_since_rest":6938,"minecraft:waystone_activated":2,"minecraft:sprint_one_cm":355420,"minecraft:damage_taken":490,"minecraft:walk_one_cm":149381,"minecraft:damage_blocked_by_shield":240,"minecraft:drop":5,"minecraft:damage_dealt":4315,"minecraft:swim_one_cm":17842,"minecraft:fly_one_cm":628868,"minecraft:open_chest":18,"minecraft:crouch_one_cm":1160,"minecraft:play_time":133482,"minecraft:sneak_time":330,"minecraft:walk_under_water_one_cm":1954,"minecraft:boat_one_cm":328365,"minecraft:jump":2821,"minecraft:walk_on_water_one_cm":13366,"minecraft:total_world_time":133482,"minecraft:fall_one_cm":91959},"minecraft:dropped":{"minecraft:oak_planks":3,"minecraft:lily_of_the_valley":2,"minecraft:flower_pot":1,"minecraft:calcite":1},"minecraft:used":{"minecraft:water_bucket":23,"minecraft:iron_shovel":123,"minecraft:spruce_slab":1,"minecraft:stone_pickaxe":332,"minecraft:oak_planks":5,"minecraft:chest":2,"minecraft:wooden_pickaxe":20,"minecraft:shield":3,"minecraft:iron_sword":70,"minecraft:torch":3,"minecraft:orange_bed":9,"minecraft:dirt":18,"minecraft:crafting_table":5,"waystones:waystone":2,"minecraft:wooden_axe":8,"minecraft:diamond_pickaxe":54,"minecraft:iron_axe":51,"minecraft:bread":15,"minecraft:melon_slice":41,"minecraft:stone_axe":146,"minecraft:cobblestone":25,"minecraft:beef":4,"travelersbackpack:standard":1,"minecraft:furnace":1,"minecraft:bucket":24,"minecraft:oak_boat":10},"minecraft:mined":{"minecraft:smithing_table":1,"minecraft:spruce_planks":10,"minecraft:potted_lily_of_the_valley":5,"minecraft:obsidian":7,"minecraft:crafting_table":3,"minecraft:grass_block":76,"minecraft:spruce_fence":1,"minecraft:calcite":1,"minecraft:melon":16,"gobber2:gobber2_lucky_block":4,"minecraft:tall_grass":19,"minecraft:sugar_cane":6,"minecraft:oak_planks":7,"minecraft:wall_torch":3,"minecraft:hay_block":44,"minecraft:cactus":2,"minecraft:carrots":1,"minecraft:fire":1,"minecraft:wheat":38,"minecraft:tnt":16,"minecraft:coal_ore":6,"minecraft:grass":308,"minecraft:bookshelf":31,"minecraft:potatoes":1,"minecraft:oak_log":17,"minecraft:vine":2,"minecraft:iron_bars":2,"minecraft:sand":42,"minecraft:dirt":15,"minecraft:stone":55,"minecraft:spruce_slab":1,"minecraft:orange_bed":9},"minecraft:killed":{"minecraft:pig":3,"minecraft:rabbit":1,"born_in_chaos_v1:pumpkin_spirit":1,"minecraft:horse":6,"minecraft:sheep":9,"minecraft:donkey":2,"minecraft:enderman":1,"minecraft:cow":6}},"DataVersion":3465}