{"stats":{"minecraft:custom":{"lootr:looted_stat":37,"minecraft:interact_with_crafting_table":94,"minecraft:open_barrel":21,"minecraft:leave_game":25,"minecraft:time_since_death":429581,"minecraft:damage_resisted":50,"minecraft:sprint_one_cm":1644498,"minecraft:damage_blocked_by_shield":6330,"minecraft:drop":96,"minecraft:talked_to_villager":1,"minecraft:play_time":640848,"minecraft:deaths":2,"minecraft:jump":9329,"minecraft:interact_with_brewingstand":1,"minecraft:walk_on_water_one_cm":25233,"minecraft:enchant_item":1,"minecraft:interact_with_furnace":66,"minecraft:play_record":2,"minecraft:sleep_in_bed":21,"minecraft:waystone_activated":11,"minecraft:damage_dealt":27585,"minecraft:crouch_one_cm":6027,"minecraft:interact_with_smithing_table":5,"minecraft:mob_kills":102,"minecraft:interact_with_anvil":7,"minecraft:damage_dealt_resisted":2793,"minecraft:climb_one_cm":3892,"minecraft:walk_one_cm":1004488,"minecraft:sneak_time":2898,"minecraft:walk_under_water_one_cm":4637,"minecraft:boat_one_cm":390015,"minecraft:total_world_time":640848,"minecraft:interact_with_stonecutter":4,"minecraft:time_since_rest":111143,"minecraft:damage_taken":7695,"minecraft:damage_absorbed":201,"minecraft:swim_one_cm":28584,"minecraft:fly_one_cm":2211865,"minecraft:open_chest":569,"minecraft:fall_one_cm":235560},"minecraft:killed":{"minecraft:cave_spider":2,"born_in_chaos_v1:mr_pumpkin":7,"minecraft:zombified_piglin":1,"born_in_chaos_v1:sir_the_headless":2,"born_in_chaos_v1:door_knight_not_despawn":1,"born_in_chaos_v1:pumpkin_spirit":1,"minecraft:spider":5,"minecraft:zombie_horse":2,"born_in_chaos_v1:firelight_not_despawn":1,"cataclysm:ender_golem":1,"artifacts:mimic":2,"minecraft:pig":3,"born_in_chaos_v1:diamond_termite":1,"minecraft:sheep":13,"minecraft:trader_llama":2,"minecraft:pillager":1,"minecraft:zombie":9,"minecraft:donkey":2,"minecraft:stray":1,"minecraft:cow":8,"born_in_chaos_v1:zombie_clown_not_despawn":1,"born_in_chaos_v1:skeleton_thrasher_not_despawn":3,"born_in_chaos_v1:thornshell_crab":6,"born_in_chaos_v1:maggot":6,"born_in_chaos_v1:pumpkinhead":2,"minecraft:horse":7,"cataclysm:nameless_sorcerer":1,"minecraft:husk":2,"born_in_chaos_v1:felsteed":2,"minecraft:rabbit":1,"minecraft:wandering_trader":1,"born_in_chaos_v1:decrepit_skeleton":2,"minecraft:enderman":1},"minecraft:used":{"gobber2:gobber2_goo":1,"minecraft:iron_shovel":1465,"minecraft:spruce_slab":1,"born_in_chaos_v1:intoxicating_decoction":1,"minecraft:chest":21,"gobber2:gobber2_gooey_bread":1,"minecraft:shield":118,"minecraft:iron_sword":200,"minecraft:stone":14,"simplyswords:diamond_twinblade":352,"minecraft:carrot":60,"born_in_chaos_v1:soul_cutlass":21,"gobber2:gobber2_glass_nether":4,"minecraft:obsidian":10,"minecraft:lava_bucket":4,"minecraft:lantern":9,"minecraft:iron_helmet":1,"minecraft:item_frame":3,"minecraft:bow":14,"minecraft:hay_block":1,"minecraft:oak_sapling":12,"minecraft:furnace":4,"minecraft:potato":69,"minecraft:stone_pickaxe":332,"minecraft:oak_planks":13,"minecraft:wooden_pickaxe":20,"minecraft:golden_apple":5,"cataclysm:music_disc_the_leviathan":1,"waystones:waystone":10,"minecraft:melon_slice":73,"minecraft:bread":170,"minecraft:gravel":27,"minecraft:golden_helmet":1,"minecraft:smithing_table":1,"minecraft:oak_boat":15,"travelersbackpack:sandstone":1,"minecraft:bone_meal":66,"minecraft:oak_trapdoor":9,"minecraft:enchanting_table":1,"minecraft:flint_and_steel":48,"gobber2:gobber2_pickaxe_nether":957,"cataclysm:ender_golem_spawn_egg":1,"minecraft:netherrack":43,"minecraft:orange_bed":9,"minecraft:torch":155,"minecraft:dirt":26,"minecraft:anvil":1,"artifacts:onion_ring":1,"minecraft:iron_hoe":39,"minecraft:stone_brick_slab":149,"minecraft:wooden_axe":8,"minecraft:bookshelf":28,"minecraft:iron_axe":225,"gobber2:gobber2_gooey_apple_nether":2,"gobber2:gobber2_gooey_beef":2,"minecraft:diamond_chestplate":1,"minecraft:beef":4,"cataclysm:nameless_sorcerer_spawn_egg":1,"minecraft:cooked_beef":2,"minecraft:cobbled_deepslate":101,"minecraft:wheat_seeds":51,"minecraft:water_bucket":60,"gobber2:gobber2_hammer_nether":423,"minecraft:stonecutter":1,"born_in_chaos_v1:stimulating_decoction":1,"minecraft:tnt":27,"minecraft:crafting_table":7,"cataclysm:music_disc_the_harbinger":1,"minecraft:white_bed":1,"minecraft:diamond_pickaxe":555,"travelersbackpack:bookshelf":1,"minecraft:iron_pickaxe":279,"minecraft:stone_axe":146,"minecraft:cobblestone":84,"travelersbackpack:standard":14,"minecraft:bucket":67,"minecraft:jukebox":1},"minecraft:dropped":{"minecraft:diamond":1,"travelersbackpack:standard":1,"cataclysm:music_disc_the_harbinger":1,"minecraft:flint":8,"minecraft:mutton":2,"minecraft:bone":5,"minecraft:gravel":57,"minecraft:blackstone":30,"minecraft:cobbled_deepslate":2614,"minecraft:rotten_flesh":9,"minecraft:oak_planks":3,"reliquary:glacial_staff":1,"minecraft:netherrack":494,"minecraft:bread":1,"cataclysm:void_core":1,"minecraft:string":1,"minecraft:stone_brick_slab":1,"minecraft:tuff":182,"minecraft:lily_of_the_valley":2,"minecraft:flower_pot":1,"minecraft:calcite":1},"minecraft:broken":{"minecraft:iron_shovel":5,"minecraft:iron_pickaxe":1},"minecraft:crafted":{"minecraft:oak_planks":432,"travelersbackpack:crafting_upgrade":1,"gobber2:gobber2_leggings":1,"minecraft:stone":179,"gobber2:gobber2_chestplate":1,"minecraft:bookshelf":30,"minecraft:glass":61,"minecraft:diamond_leggings":1,"minecraft:iron_boots":1,"improvableskills:skills_book":1,"minecraft:chest":22,"minecraft:golden_boots":1,"travelersbackpack:bookshelf":1,"travelersbackpack:iron_tier_upgrade":1,"gobber2:gobber2_ingot":42,"gobber2:gobber2_ingot_nether":6,"minecraft:cooked_porkchop":5,"gobber2:gobber2_glob_nether":1,"minecraft:crafting_table":3,"minecraft:spruce_planks":252,"travelersbackpack:standard":5,"minecraft:wooden_pickaxe":1,"gobber2:gobber2_rod":6,"minecraft:birch_planks":20,"minecraft:iron_chestplate":1,"minecraft:paper":27,"minecraft:diamond_pickaxe":1,"minecraft:shield":3,"gobber2:gobber2_gooey_apple_nether":8,"minecraft:stick":100,"minecraft:iron_ingot":23,"gobber2:gobber2_hammer_nether":1,"minecraft:iron_block":3,"minecraft:gold_ingot":86,"minecraft:shears":1,"minecraft:iron_nugget":72,"minecraft:furnace":4,"simplyswords:diamond_twinblade":1,"minecraft:bone_meal":117,"travelersbackpack:blank_upgrade":4,"travelersbackpack:gold_tier_upgrade":1,"minecraft:oak_trapdoor":10,"minecraft:flint_and_steel":1,"gobber2:gobber2_helmet":1,"gobber2:gobber2_glob":15,"minecraft:lantern":9,"travelersbackpack:white_sleeping_bag":1,"minecraft:iron_axe":1,"minecraft:iron_hoe":1,"minecraft:stone_pickaxe":1,"minecraft:diamond_boots":1,"minecraft:netherite_scrap":3,"minecraft:wheat":450,"minecraft:cooked_beef":5,"minecraft:enchanting_table":1,"travelersbackpack:backpack_tank":4,"gobber2:gobber2_ring":1,"minecraft:bucket":1,"minecraft:stone_axe":1,"minecraft:bread":161,"minecraft:air":0,"gobber2:gobber2_staff_ensnarement":3,"minecraft:oak_boat":1,"minecraft:white_wool":1,"minecraft:golden_apple":5,"minecraft:wooden_axe":1,"minecraft:iron_shovel":7,"minecraft:stonecutter":1,"minecraft:anvil":1,"minecraft:white_bed":1,"minecraft:torch":124,"minecraft:diamond_chestplate":1},"minecraft:picked_up":{"minecraft:wheat":40,"minecraft:flower_pot":10,"minecraft:smithing_table":1,"minecraft:lead":2,"minecraft:potion":1,"minecraft:brewing_stand":1,"minecraft:golden_sword":1,"minecraft:amethyst_block":26,"born_in_chaos_v1:black_argillite":4,"minecraft:string":10,"minecraft:raw_copper":2,"gobber2:gobber2_glass_nether":2,"minecraft:cobbled_deepslate":3806,"minecraft:gold_nugget":135,"minecraft:bucket":1,"minecraft:spruce_planks":17,"minecraft:calcite":2,"minecraft:melon_slice":73,"minecraft:tipped_arrow":1,"minecraft:stick":8,"apotheosis:gem":39,"born_in_chaos_v1:shattered_skull":5,"minecraft:torch":28,"born_in_chaos_v1:pileof_dark_metal":1,"minecraft:porkchop":8,"minecraft:diorite":1,"gobber2:gobber2_foo":4,"minecraft:orange_bed":9,"minecraft:cactus":3,"minecraft:rotten_flesh":14,"minecraft:carved_pumpkin":1,"minecraft:obsidian":7,"minecraft:iron_bars":5,"minecraft:cobblestone":221,"minecraft:birch_log":33,"minecraft:magma_block":8,"cataclysm:music_disc_the_harbinger":2,"minecraft:andesite":8,"minecraft:potato":67,"minecraft:flint":10,"minecraft:tuff":236,"gobber2:gobber2_gooey_bread_nether":4,"minecraft:lapis_lazuli":71,"minecraft:dirt":96,"minecraft:bone":19,"gobber2:gobber2_gooey_beef":4,"minecraft:wheat_seeds":173,"minecraft:raw_gold":43,"gobber2:gobber2_globette":172,"minecraft:oak_planks":7,"gobber2:gobber2_gooey_bread":11,"gobber2:gobber2_rod_nether":5,"artifacts:rooted_boots":1,"minecraft:poisonous_potato":1,"minecraft:sand":124,"minecraft:lily_of_the_valley":13,"minecraft:mossy_cobblestone":1,"born_in_chaos_v1:fire_dust":1,"minecraft:diamond":24,"waystones:waystone":11,"minecraft:bread":1,"minecraft:oak_sapling":13,"born_in_chaos_v1:rotten_fish":9,"minecraft:light_gray_carpet":3,"minecraft:netherrack":1120,"gobber2:gobber2_goo":13,"born_in_chaos_v1:diamond_termite_shard":1,"minecraft:crafting_table":5,"minecraft:gold_block":2,"travelersbackpack:sandstone":1,"minecraft:iron_axe":1,"minecraft:white_carpet":9,"minecraft:item_frame":25,"born_in_chaos_v1:intoxicating_decoction":1,"reliquary:chelicerae":1,"minecraft:blackstone":30,"minecraft:beef":18,"minecraft:oak_boat":15,"born_in_chaos_v1:gnawed_bones":1,"minecraft:spruce_slab":1,"minecraft:light_gray_wool":1,"minecraft:sugar_cane":27,"minecraft:birch_sapling":1,"minecraft:raw_iron":3,"minecraft:spruce_fence":2,"born_in_chaos_v1:pieceofdarkmetal":7,"minecraft:carrot":61,"minecraft:redstone":177,"minecraft:tnt":31,"gobber2:gobber2_globette_nether":25,"minecraft:arrow":2,"minecraft:jungle_stairs":1,"gobber2:gobber2_gooey_beef_nether":6,"minecraft:hay_block":51,"born_in_chaos_v1:spiny_shell":19,"born_in_chaos_v1:trident_hayfork":1,"minecraft:mutton":20,"minecraft:skeleton_skull":1,"minecraft:white_wool":12,"born_in_chaos_v1:corpse_maggot":1,"born_in_chaos_v1:pumpkin_staff":1,"gobber2:gobber2_gooey_beefstew":3,"minecraft:leather":12,"artifacts:onion_ring":1,"minecraft:oak_log":108,"minecraft:ancient_debris":1,"born_in_chaos_v1:soul_cutlass":2,"cataclysm:music_disc_the_leviathan":1,"cataclysm:void_core":2,"gobber2:gobber2_gooey_beefstew_nether":1,"born_in_chaos_v1:fel_lamp":1,"minecraft:book":180,"minecraft:stone_brick_slab":6,"minecraft:quartz":17,"born_in_chaos_v1:ethereal_spirit":1,"minecraft:gravel":129,"minecraft:amethyst_shard":6,"minecraft:white_bed":1,"minecraft:spruce_log":79,"minecraft:spider_eye":3,"travelersbackpack:standard":1,"minecraft:pumpkin_seeds":51,"born_in_chaos_v1:pile_of_skulls":1,"gobber2:gobber2_goo_nether":6,"minecraft:coal":50,"minecraft:ender_pearl":1},"minecraft:mined":{"minecraft:large_amethyst_bud":1,"minecraft:spruce_planks":18,"minecraft:white_bed":1,"minecraft:brewing_stand":1,"minecraft:obsidian":7,"minecraft:budding_amethyst":6,"minecraft:grass_block":78,"gobber2:gobber2_ore_deepslate":140,"gobber2:gobber2_lucky_block":12,"born_in_chaos_v1:pile_of_skulls":1,"minecraft:spawner":11,"gobber2:gobber2_ore":16,"minecraft:magma_block":10,"minecraft:cobbled_deepslate":4,"minecraft:fire":15,"minecraft:deepslate_lapis_ore":10,"minecraft:dirt_path":4,"minecraft:small_amethyst_bud":1,"minecraft:iron_bars":10,"minecraft:spruce_slab":1,"minecraft:orange_bed":9,"minecraft:deepslate_redstone_ore":19,"minecraft:blackstone":19,"minecraft:medium_amethyst_bud":3,"minecraft:amethyst_cluster":3,"born_in_chaos_v1:infected_deepslate_diamond_ore":1,"minecraft:torch":7,"minecraft:jungle_stairs":1,"minecraft:calcite":2,"minecraft:melon":16,"gobber2:gobber2_lucky_block_nether":24,"minecraft:white_stained_glass_pane":1,"minecraft:nether_quartz_ore":10,"minecraft:cobblestone":1,"minecraft:sugar_cane":11,"minecraft:oak_planks":7,"minecraft:wall_torch":13,"minecraft:amethyst_block":31,"minecraft:skeleton_skull":1,"minecraft:birch_log":6,"minecraft:wheat":44,"minecraft:tnt":34,"minecraft:yellow_stained_glass_pane":1,"minecraft:grass":331,"minecraft:oak_log":76,"minecraft:sand":124,"minecraft:dirt":15,"minecraft:smooth_basalt":1,"born_in_chaos_v1:infernal_evil_pumpkin_s":2,"minecraft:netherrack":582,"minecraft:ancient_debris":1,"minecraft:oak_leaves":14,"minecraft:deepslate":812,"minecraft:nether_gold_ore":28,"minecraft:tuff":75,"minecraft:mossy_cobblestone":1,"minecraft:deepslate_diamond_ore":14,"minecraft:spruce_fence":2,"born_in_chaos_v1:black_argillite":4,"minecraft:spruce_leaves":6,"born_in_chaos_v1:gnawed_bones":1,"minecraft:hay_block":50,"minecraft:carrots":17,"minecraft:andesite":7,"minecraft:gold_block":2,"minecraft:bookshelf":61,"minecraft:potatoes":22,"minecraft:deepslate_iron_ore":3,"minecraft:vine":2,"minecraft:packed_ice":3,"minecraft:stone":169,"minecraft:smithing_table":1,"minecraft:light_gray_carpet":3,"minecraft:snow_block":3,"minecraft:potted_lily_of_the_valley":13,"minecraft:basalt":14,"minecraft:stone_brick_slab":5,"minecraft:crafting_table":5,"minecraft:tall_grass":32,"minecraft:copper_ore":1,"minecraft:deepslate_gold_ore":25,"minecraft:diorite":1,"minecraft:cactus":2,"minecraft:ice":1,"minecraft:white_carpet":9,"minecraft:spruce_log":3,"minecraft:birch_leaves":3,"gobber2:gobber2_lucky_block_deepslate":13,"minecraft:coal_ore":50,"minecraft:gravel":100,"minecraft:cobweb":4,"minecraft:gold_ore":2}},"DataVersion":3465}