{"stats":{"minecraft:crafted":{"minecraft:oak_planks":68,"minecraft:crafting_table":2,"travelersbackpack:backpack_tank":2,"minecraft:wooden_pickaxe":1,"travelersbackpack:standard":1,"minecraft:furnace":1,"minecraft:bucket":1,"minecraft:stone_axe":1,"minecraft:bread":41,"minecraft:air":0,"minecraft:glass":12,"minecraft:oak_boat":1,"travelersbackpack:white_sleeping_bag":1,"minecraft:diamond_pickaxe":1,"minecraft:iron_axe":1,"minecraft:stick":16,"minecraft:stone_pickaxe":1,"minecraft:wooden_axe":1,"minecraft:iron_shovel":1,"minecraft:chest":3,"minecraft:wheat":126},"minecraft:picked_up":{"minecraft:crafting_table":3,"minecraft:wheat":35,"minecraft:flower_pot":4,"gobber2:gobber2_gooey_beefstew":1,"minecraft:leather":10,"minecraft:smithing_table":1,"minecraft:gold_block":1,"minecraft:oak_log":17,"minecraft:dirt":90,"minecraft:item_frame":16,"gobber2:gobber2_gooey_beef":1,"minecraft:wheat_seeds":158,"minecraft:spruce_planks":11,"minecraft:beef":14,"minecraft:oak_boat":11,"minecraft:calcite":1,"minecraft:spruce_slab":1,"minecraft:light_gray_wool":1,"minecraft:melon_slice":73,"minecraft:sugar_cane":23,"minecraft:oak_planks":7,"gobber2:gobber2_gooey_bread":1,"minecraft:book":111,"minecraft:stick":3,"apotheosis:gem":24,"minecraft:stone_brick_slab":1,"minecraft:torch":5,"born_in_chaos_v1:ethereal_spirit":1,"minecraft:spruce_fence":1,"minecraft:porkchop":8,"minecraft:sand":42,"minecraft:lily_of_the_valley":7,"minecraft:orange_bed":9,"minecraft:tnt":17,"minecraft:cactus":3,"waystones:waystone":6,"minecraft:hay_block":45,"minecraft:carved_pumpkin":1,"minecraft:coal":6,"gobber2:gobber2_goo":1,"minecraft:iron_bars":2,"minecraft:obsidian":7,"minecraft:mutton":15,"minecraft:white_wool":8,"minecraft:cobblestone":54,"minecraft:ender_pearl":1},"minecraft:custom":{"minecraft:interact_with_furnace":8,"lootr:looted_stat":11,"minecraft:mob_kills":30,"minecraft:interact_with_crafting_table":23,"minecraft:leave_game":7,"minecraft:time_since_death":145482,"minecraft:sleep_in_bed":10,"minecraft:climb_one_cm":3711,"minecraft:time_since_rest":6288,"minecraft:waystone_activated":3,"minecraft:sprint_one_cm":408904,"minecraft:damage_taken":600,"minecraft:walk_one_cm":159974,"minecraft:damage_blocked_by_shield":240,"minecraft:drop":6,"minecraft:damage_dealt":4555,"minecraft:swim_one_cm":19616,"minecraft:fly_one_cm":742893,"minecraft:open_chest":18,"minecraft:crouch_one_cm":1160,"minecraft:play_time":145482,"minecraft:sneak_time":333,"minecraft:walk_under_water_one_cm":2026,"minecraft:boat_one_cm":334575,"minecraft:jump":3278,"minecraft:walk_on_water_one_cm":15818,"minecraft:total_world_time":145482,"minecraft:fall_one_cm":106289},"minecraft:dropped":{"minecraft:oak_planks":3,"minecraft:lily_of_the_valley":2,"minecraft:flower_pot":1,"minecraft:calcite":1,"minecraft:stone_brick_slab":1},"minecraft:used":{"minecraft:water_bucket":26,"minecraft:iron_shovel":123,"minecraft:spruce_slab":1,"minecraft:stone_pickaxe":332,"minecraft:oak_planks":12,"minecraft:chest":2,"minecraft:wooden_pickaxe":20,"minecraft:shield":3,"minecraft:iron_sword":77,"minecraft:torch":3,"minecraft:orange_bed":9,"minecraft:dirt":18,"minecraft:crafting_table":5,"waystones:waystone":3,"minecraft:wooden_axe":8,"minecraft:diamond_pickaxe":57,"minecraft:iron_axe":66,"minecraft:bread":18,"minecraft:melon_slice":48,"minecraft:stone_axe":146,"minecraft:cobblestone":27,"minecraft:beef":4,"travelersbackpack:standard":2,"minecraft:furnace":1,"minecraft:bucket":27,"minecraft:oak_boat":11},"minecraft:mined":{"minecraft:smithing_table":1,"minecraft:spruce_planks":12,"minecraft:potted_lily_of_the_valley":7,"minecraft:stone_brick_slab":1,"minecraft:obsidian":7,"minecraft:crafting_table":3,"minecraft:grass_block":76,"minecraft:spruce_fence":1,"minecraft:calcite":1,"minecraft:melon":16,"gobber2:gobber2_lucky_block":4,"minecraft:white_stained_glass_pane":1,"minecraft:tall_grass":19,"minecraft:sugar_cane":10,"minecraft:oak_planks":7,"minecraft:wall_torch":5,"minecraft:hay_block":44,"minecraft:cactus":2,"minecraft:carrots":1,"minecraft:fire":1,"minecraft:wheat":38,"minecraft:tnt":20,"minecraft:gold_block":1,"minecraft:yellow_stained_glass_pane":1,"minecraft:coal_ore":6,"minecraft:grass":308,"minecraft:bookshelf":38,"minecraft:potatoes":1,"minecraft:oak_log":17,"minecraft:vine":2,"minecraft:iron_bars":2,"minecraft:sand":42,"minecraft:dirt":15,"minecraft:stone":55,"minecraft:spruce_slab":1,"minecraft:orange_bed":9},"minecraft:killed":{"minecraft:pig":3,"minecraft:rabbit":1,"born_in_chaos_v1:pumpkin_spirit":1,"minecraft:horse":6,"minecraft:sheep":9,"minecraft:pillager":1,"minecraft:donkey":2,"minecraft:enderman":1,"minecraft:cow":6}},"DataVersion":3465}