{"stats":{"minecraft:crafted":{"minecraft:oak_planks":44,"minecraft:crafting_table":2,"travelersbackpack:backpack_tank":2,"minecraft:wooden_pickaxe":1,"minecraft:furnace":1,"minecraft:bucket":1,"minecraft:stone_axe":1,"minecraft:bread":41,"minecraft:air":0,"minecraft:glass":12,"minecraft:oak_boat":1,"minecraft:diamond_pickaxe":1,"minecraft:iron_axe":1,"minecraft:stick":16,"minecraft:stone_pickaxe":1,"minecraft:wooden_axe":1,"minecraft:iron_shovel":1,"minecraft:chest":2,"minecraft:wheat":126},"minecraft:picked_up":{"minecraft:crafting_table":3,"minecraft:wheat":35,"minecraft:flower_pot":4,"minecraft:leather":6,"minecraft:smithing_table":1,"minecraft:oak_log":11,"minecraft:dirt":90,"minecraft:item_frame":8,"minecraft:wheat_seeds":156,"minecraft:spruce_planks":9,"minecraft:beef":14,"minecraft:oak_boat":7,"minecraft:calcite":1,"minecraft:spruce_slab":1,"minecraft:light_gray_wool":1,"minecraft:melon_slice":73,"minecraft:sugar_cane":8,"minecraft:oak_planks":7,"minecraft:book":90,"minecraft:stick":3,"apotheosis:gem":16,"minecraft:torch":3,"born_in_chaos_v1:ethereal_spirit":1,"minecraft:spruce_fence":1,"minecraft:porkchop":8,"minecraft:sand":42,"minecraft:lily_of_the_valley":5,"minecraft:orange_bed":9,"minecraft:tnt":13,"minecraft:cactus":3,"waystones:waystone":1,"minecraft:hay_block":45,"minecraft:carved_pumpkin":1,"minecraft:iron_bars":2,"minecraft:obsidian":7,"minecraft:mutton":12,"minecraft:white_wool":6,"minecraft:cobblestone":49},"minecraft:custom":{"minecraft:interact_with_furnace":8,"lootr:looted_stat":9,"minecraft:mob_kills":23,"minecraft:interact_with_crafting_table":19,"minecraft:leave_game":7,"minecraft:time_since_death":115482,"minecraft:sleep_in_bed":8,"minecraft:climb_one_cm":3111,"minecraft:time_since_rest":1600,"minecraft:waystone_activated":1,"minecraft:sprint_one_cm":307430,"minecraft:damage_taken":480,"minecraft:walk_one_cm":134552,"minecraft:damage_blocked_by_shield":195,"minecraft:drop":5,"minecraft:damage_dealt":3216,"minecraft:swim_one_cm":13189,"minecraft:fly_one_cm":514656,"minecraft:open_chest":11,"minecraft:crouch_one_cm":1160,"minecraft:play_time":115482,"minecraft:sneak_time":324,"minecraft:walk_under_water_one_cm":1252,"minecraft:boat_one_cm":328365,"minecraft:jump":2382,"minecraft:walk_on_water_one_cm":10872,"minecraft:total_world_time":115482,"minecraft:fall_one_cm":74618},"minecraft:dropped":{"minecraft:oak_planks":3,"minecraft:lily_of_the_valley":2,"minecraft:flower_pot":1,"minecraft:calcite":1},"minecraft:used":{"minecraft:water_bucket":21,"minecraft:iron_shovel":123,"minecraft:spruce_slab":1,"minecraft:stone_pickaxe":332,"minecraft:oak_planks":5,"minecraft:chest":2,"minecraft:wooden_pickaxe":20,"minecraft:shield":1,"minecraft:iron_sword":51,"minecraft:torch":3,"minecraft:orange_bed":8,"minecraft:dirt":18,"minecraft:crafting_table":5,"waystones:waystone":1,"minecraft:wooden_axe":8,"minecraft:diamond_pickaxe":34,"minecraft:iron_axe":41,"minecraft:bread":12,"minecraft:melon_slice":41,"minecraft:stone_axe":146,"minecraft:cobblestone":25,"minecraft:beef":4,"minecraft:furnace":1,"minecraft:bucket":22,"minecraft:oak_boat":7},"minecraft:mined":{"minecraft:smithing_table":1,"minecraft:spruce_planks":10,"minecraft:potted_lily_of_the_valley":5,"minecraft:obsidian":7,"minecraft:crafting_table":3,"minecraft:grass_block":76,"minecraft:spruce_fence":1,"minecraft:calcite":1,"minecraft:melon":16,"minecraft:tall_grass":16,"minecraft:sugar_cane":4,"minecraft:oak_planks":7,"minecraft:wall_torch":3,"minecraft:hay_block":44,"minecraft:cactus":2,"minecraft:carrots":1,"minecraft:fire":1,"minecraft:wheat":38,"minecraft:tnt":16,"minecraft:grass":306,"minecraft:bookshelf":31,"minecraft:potatoes":1,"minecraft:oak_log":11,"minecraft:vine":2,"minecraft:iron_bars":2,"minecraft:sand":42,"minecraft:dirt":15,"minecraft:stone":49,"minecraft:spruce_slab":1,"minecraft:orange_bed":9},"minecraft:killed":{"minecraft:pig":3,"minecraft:rabbit":1,"born_in_chaos_v1:pumpkin_spirit":1,"minecraft:horse":3,"minecraft:sheep":7,"minecraft:donkey":2,"minecraft:cow":6}},"DataVersion":3465}