{"stats":{"minecraft:crafted":{"minecraft:oak_planks":44,"minecraft:crafting_table":2,"minecraft:wooden_pickaxe":1,"minecraft:bucket":1,"minecraft:stone_axe":1,"minecraft:bread":41,"minecraft:oak_boat":1,"minecraft:diamond_pickaxe":1,"minecraft:iron_axe":1,"minecraft:stick":16,"minecraft:stone_pickaxe":1,"minecraft:wooden_axe":1,"minecraft:iron_shovel":1,"minecraft:chest":2,"minecraft:wheat":126},"minecraft:custom":{"lootr:looted_stat":8,"minecraft:mob_kills":19,"minecraft:interact_with_crafting_table":15,"minecraft:leave_game":7,"minecraft:time_since_death":103482,"minecraft:sleep_in_bed":7,"minecraft:climb_one_cm":3111,"minecraft:time_since_rest":2018,"minecraft:waystone_activated":1,"minecraft:sprint_one_cm":277452,"minecraft:damage_taken":460,"minecraft:walk_one_cm":123019,"minecraft:damage_blocked_by_shield":195,"minecraft:drop":5,"minecraft:damage_dealt":2486,"minecraft:swim_one_cm":11649,"minecraft:fly_one_cm":461214,"minecraft:open_chest":11,"minecraft:crouch_one_cm":1097,"minecraft:play_time":103482,"minecraft:sneak_time":302,"minecraft:walk_under_water_one_cm":1025,"minecraft:boat_one_cm":328365,"minecraft:jump":2134,"minecraft:walk_on_water_one_cm":8477,"minecraft:total_world_time":103482,"minecraft:fall_one_cm":66502},"minecraft:picked_up":{"minecraft:crafting_table":3,"minecraft:wheat":35,"minecraft:flower_pot":2,"minecraft:leather":5,"minecraft:smithing_table":1,"minecraft:oak_log":11,"minecraft:dirt":80,"minecraft:item_frame":8,"minecraft:wheat_seeds":155,"minecraft:spruce_planks":1,"minecraft:beef":14,"minecraft:oak_boat":7,"minecraft:calcite":1,"minecraft:light_gray_wool":1,"minecraft:melon_slice":73,"minecraft:sugar_cane":8,"minecraft:oak_planks":7,"minecraft:book":69,"minecraft:stick":3,"apotheosis:gem":16,"minecraft:torch":3,"born_in_chaos_v1:ethereal_spirit":1,"minecraft:spruce_fence":1,"minecraft:porkchop":8,"minecraft:lily_of_the_valley":3,"minecraft:orange_bed":8,"minecraft:tnt":9,"minecraft:cactus":3,"waystones:waystone":1,"minecraft:hay_block":45,"minecraft:carved_pumpkin":1,"minecraft:obsidian":7,"minecraft:mutton":11,"minecraft:white_wool":5,"minecraft:cobblestone":31},"minecraft:dropped":{"minecraft:oak_planks":3,"minecraft:lily_of_the_valley":2,"minecraft:flower_pot":1,"minecraft:calcite":1},"minecraft:used":{"minecraft:water_bucket":18,"minecraft:iron_shovel":81,"minecraft:stone_pickaxe":332,"minecraft:oak_planks":5,"minecraft:chest":2,"minecraft:wooden_pickaxe":20,"minecraft:shield":1,"minecraft:iron_sword":40,"minecraft:torch":3,"minecraft:orange_bed":7,"minecraft:dirt":9,"minecraft:crafting_table":5,"waystones:waystone":1,"minecraft:wooden_axe":8,"minecraft:diamond_pickaxe":7,"minecraft:iron_axe":16,"minecraft:bread":9,"minecraft:melon_slice":41,"minecraft:stone_axe":146,"minecraft:cobblestone":25,"minecraft:beef":4,"minecraft:bucket":19,"minecraft:oak_boat":7},"minecraft:mined":{"minecraft:smithing_table":1,"minecraft:spruce_planks":2,"minecraft:potted_lily_of_the_valley":3,"minecraft:obsidian":7,"minecraft:crafting_table":3,"minecraft:grass_block":76,"minecraft:spruce_fence":1,"minecraft:calcite":1,"minecraft:melon":16,"minecraft:tall_grass":16,"minecraft:sugar_cane":4,"minecraft:oak_planks":7,"minecraft:wall_torch":3,"minecraft:hay_block":44,"minecraft:cactus":2,"minecraft:carrots":1,"minecraft:fire":1,"minecraft:wheat":38,"minecraft:tnt":12,"minecraft:grass":305,"minecraft:bookshelf":24,"minecraft:potatoes":1,"minecraft:oak_log":11,"minecraft:vine":2,"minecraft:dirt":5,"minecraft:stone":31,"minecraft:orange_bed":8},"minecraft:killed":{"minecraft:pig":3,"minecraft:rabbit":1,"born_in_chaos_v1:pumpkin_spirit":1,"minecraft:sheep":6,"minecraft:donkey":2,"minecraft:cow":6}},"DataVersion":3465}