{"stats":{"minecraft:crafted":{"minecraft:oak_planks":136,"minecraft:furnace":1,"minecraft:glass":12,"travelersbackpack:white_sleeping_bag":1,"minecraft:iron_boots":1,"minecraft:iron_axe":1,"minecraft:stone_pickaxe":1,"minecraft:chest":9,"minecraft:wheat":126,"minecraft:crafting_table":2,"travelersbackpack:backpack_tank":2,"minecraft:wooden_pickaxe":1,"travelersbackpack:standard":1,"minecraft:bucket":1,"minecraft:stone_axe":1,"minecraft:bread":41,"minecraft:air":0,"minecraft:oak_boat":1,"minecraft:iron_chestplate":1,"minecraft:diamond_pickaxe":1,"minecraft:stick":16,"minecraft:wooden_axe":1,"minecraft:iron_shovel":1},"minecraft:mined":{"minecraft:spruce_planks":14,"minecraft:obsidian":7,"minecraft:grass_block":76,"minecraft:spruce_fence":2,"gobber2:gobber2_lucky_block":6,"minecraft:spawner":3,"minecraft:hay_block":44,"minecraft:carrots":1,"minecraft:fire":1,"minecraft:gold_block":1,"minecraft:bookshelf":45,"minecraft:potatoes":1,"minecraft:vine":2,"minecraft:iron_bars":4,"minecraft:stone":81,"minecraft:spruce_slab":1,"minecraft:orange_bed":9,"minecraft:smithing_table":1,"minecraft:potted_lily_of_the_valley":9,"minecraft:stone_brick_slab":1,"minecraft:crafting_table":5,"minecraft:jungle_stairs":1,"minecraft:calcite":1,"minecraft:melon":16,"minecraft:white_stained_glass_pane":1,"minecraft:tall_grass":19,"minecraft:cobblestone":1,"minecraft:sugar_cane":10,"minecraft:oak_planks":7,"minecraft:wall_torch":5,"minecraft:cactus":2,"minecraft:wheat":38,"minecraft:birch_leaves":3,"minecraft:tnt":24,"minecraft:yellow_stained_glass_pane":1,"minecraft:grass":308,"minecraft:coal_ore":7,"minecraft:oak_log":34,"minecraft:sand":42,"minecraft:dirt":15,"minecraft:cobweb":2,"minecraft:oak_leaves":1},"minecraft:dropped":{"minecraft:stone_brick_slab":1,"minecraft:rotten_flesh":3,"minecraft:oak_planks":3,"minecraft:lily_of_the_valley":2,"minecraft:flower_pot":1,"minecraft:calcite":1,"reliquary:glacial_staff":1},"minecraft:used":{"minecraft:iron_shovel":123,"minecraft:spruce_slab":1,"minecraft:chest":8,"minecraft:shield":5,"minecraft:iron_sword":111,"minecraft:orange_bed":9,"minecraft:torch":3,"minecraft:dirt":18,"minecraft:wooden_axe":8,"minecraft:iron_axe":108,"minecraft:beef":4,"minecraft:furnace":1,"minecraft:water_bucket":30,"minecraft:stone_pickaxe":332,"minecraft:oak_planks":13,"minecraft:wooden_pickaxe":20,"minecraft:crafting_table":7,"waystones:waystone":6,"minecraft:diamond_pickaxe":88,"minecraft:melon_slice":54,"minecraft:bread":29,"minecraft:iron_pickaxe":7,"minecraft:stone_axe":146,"minecraft:cobblestone":54,"travelersbackpack:standard":4,"minecraft:bucket":31,"minecraft:oak_boat":13},"minecraft:custom":{"lootr:looted_stat":17,"minecraft:mob_kills":37,"minecraft:interact_with_crafting_table":28,"minecraft:open_barrel":1,"minecraft:damage_dealt_resisted":420,"minecraft:leave_game":8,"minecraft:time_since_death":189304,"minecraft:climb_one_cm":3711,"minecraft:damage_resisted":12,"minecraft:sprint_one_cm":544009,"minecraft:walk_one_cm":200331,"minecraft:damage_blocked_by_shield":420,"minecraft:drop":10,"minecraft:play_time":189304,"minecraft:sneak_time":1069,"minecraft:walk_under_water_one_cm":3050,"minecraft:boat_one_cm":377370,"minecraft:jump":3966,"minecraft:walk_on_water_one_cm":17326,"minecraft:total_world_time":189304,"minecraft:interact_with_furnace":8,"minecraft:sleep_in_bed":12,"minecraft:time_since_rest":10289,"minecraft:waystone_activated":6,"minecraft:damage_taken":989,"minecraft:damage_dealt":5707,"minecraft:swim_one_cm":24679,"minecraft:fly_one_cm":871846,"minecraft:open_chest":47,"minecraft:crouch_one_cm":2608,"minecraft:fall_one_cm":123609},"minecraft:picked_up":{"minecraft:crafting_table":5,"minecraft:wheat":35,"minecraft:flower_pot":6,"minecraft:smithing_table":1,"minecraft:gold_block":1,"minecraft:string":4,"minecraft:item_frame":20,"minecraft:bucket":1,"minecraft:spruce_planks":13,"minecraft:beef":14,"minecraft:oak_boat":13,"minecraft:calcite":1,"minecraft:spruce_slab":1,"minecraft:light_gray_wool":1,"minecraft:melon_slice":73,"minecraft:sugar_cane":23,"minecraft:stick":5,"apotheosis:gem":31,"born_in_chaos_v1:shattered_skull":1,"minecraft:torch":5,"minecraft:spruce_fence":2,"minecraft:porkchop":8,"born_in_chaos_v1:pieceofdarkmetal":3,"minecraft:orange_bed":9,"minecraft:tnt":21,"minecraft:cactus":3,"minecraft:rotten_flesh":3,"minecraft:jungle_stairs":1,"minecraft:hay_block":45,"minecraft:carved_pumpkin":1,"minecraft:mutton":15,"minecraft:obsidian":7,"minecraft:iron_bars":4,"minecraft:cobblestone":80,"minecraft:white_wool":8,"minecraft:leather":10,"gobber2:gobber2_gooey_beefstew":2,"minecraft:oak_log":34,"minecraft:dirt":90,"minecraft:bone":3,"gobber2:gobber2_gooey_beef":2,"minecraft:wheat_seeds":158,"minecraft:oak_planks":7,"gobber2:gobber2_gooey_bread":1,"minecraft:book":132,"minecraft:stone_brick_slab":1,"born_in_chaos_v1:ethereal_spirit":1,"minecraft:sand":42,"minecraft:lily_of_the_valley":9,"minecraft:spider_eye":2,"waystones:waystone":9,"minecraft:coal":7,"gobber2:gobber2_goo":1,"minecraft:ender_pearl":1},"minecraft:killed":{"born_in_chaos_v1:door_knight_not_despawn":1,"born_in_chaos_v1:pumpkin_spirit":1,"minecraft:spider":2,"born_in_chaos_v1:skeleton_thrasher_not_despawn":1,"born_in_chaos_v1:maggot":2,"minecraft:horse":6,"minecraft:pig":3,"minecraft:rabbit":1,"minecraft:sheep":9,"minecraft:pillager":1,"minecraft:donkey":2,"minecraft:zombie":1,"minecraft:enderman":1,"minecraft:cow":6}},"DataVersion":3465}